{
  "round_id": "76909e29-f664-4b2f-b16b-61b7507277e9",
  "results": [
    {
      "seed": 0,
      "score": 14.866,
      "weighted_kl": null,
      "computed_wkl": 0.6353650833622002,
      "computed_score": 14.865973383913477,
      "dynamic_cells": 1388,
      "terrain_contributions": {
        "settlement": 0.013911819437272122,
        "forest": 0.20922236339307362,
        "plains": 0.41223090053185446
      },
      "gt_marginal": [
        0.5585878962536024,
        0.20535662824207496,
        0.010446685878962535,
        0.01869236311239198,
        0.2069164265129676,
        0.0
      ]
    },
    {
      "seed": 1,
      "score": 15.8768,
      "weighted_kl": null,
      "computed_wkl": 0.6134377816547482,
      "computed_score": 15.876766926215133,
      "dynamic_cells": 1352,
      "terrain_contributions": {
        "settlement": 0.013583299175729913,
        "forest": 0.15346563253967502,
        "mountain": 0.013300479342060535,
        "ocean": 0.013472136292558192,
        "plains": 0.41961623430472444
      },
      "gt_marginal": [
        0.5686353550295864,
        0.1975887573964496,
        0.013668639053254435,
        0.018572485207100604,
        0.20153476331360903,
        0.0
      ]
    },
    {
      "seed": 2,
      "score": 15.5368,
      "weighted_kl": null,
      "computed_wkl": 0.6206538868762052,
      "computed_score": 15.536755282518467,
      "dynamic_cells": 1328,
      "terrain_contributions": {
        "settlement": 0.012319731290200883,
        "forest": 0.16661783051928644,
        "mountain": 0.013667275298419539,
        "ocean": 0.008454162669934158,
        "plains": 0.4195948870983641
      },
      "gt_marginal": [
        0.5802183734939753,
        0.1905233433734941,
        0.01567771084337349,
        0.018908132530120494,
        0.19467243975903592,
        0.0
      ]
    },
    {
      "seed": 3,
      "score": 16.0137,
      "weighted_kl": null,
      "computed_wkl": 0.6105743509397557,
      "computed_score": 16.013740471506402,
      "dynamic_cells": 1339,
      "terrain_contributions": {
        "settlement": 0.014248744903271438,
        "forest": 0.1584340232462921,
        "mountain": 0.013306434790677276,
        "ocean": 0.012155535334522752,
        "plains": 0.41242961266499206
      },
      "gt_marginal": [
        0.5786631814787152,
        0.19616878267363727,
        0.019943988050784175,
        0.019327856609410044,
        0.18589619118745324,
        0.0
      ]
    },
    {
      "seed": 4,
      "score": 16.0355,
      "weighted_kl": null,
      "computed_wkl": 0.6101208501300015,
      "computed_score": 16.0355420314943,
      "dynamic_cells": 1372,
      "terrain_contributions": {
        "settlement": 0.013578081144906055,
        "forest": 0.1639111315600801,
        "mountain": 0.0148483666614217,
        "ocean": 0.01078507285937308,
        "plains": 0.4069981979042206
      },
      "gt_marginal": [
        0.5557798833819241,
        0.20462099125364433,
        0.014493440233236156,
        0.021147959183673494,
        0.2039577259475214,
        0.0
      ]
    }
  ]
}